Nº,Fecha,Entrenador,Pregunta Original,Corrección
1,2026-02-10T20:54:49.178487,anon,"Mi ex no paga pensión, ¿qué hago?","Entiendo lo frustrante que debe ser esta situación, especialmente cuando los gastos del hogar no esperan. La buena noticia es que existen herramientas legales para exigir el pago de la pensión.

¿Qué puede hacer si su ex no paga?
Usted puede solicitar al Juzgado de Pensiones Alimentarias varias medidas, según su caso:

1. Apremio corporal:
El juez puede ordenar la detención del deudor por incumplimiento de la pensión.

2. Retención salarial:
Se puede ordenar al patrono que rebaje la pensión directamente del salario.

3. Embargo de cuentas o bienes:
Se pueden embargar cuentas bancarias u otros ingresos para cobrar montos atrasados.

El juez puede aplicar una o varias de estas medidas, dependiendo de la situación del deudor.

¿Dónde hago el trámite?
En el mismo Juzgado de Pensiones Alimentarias donde se dictó la pensión. Puede presentarse personalmente.

¿Necesito abogado?
No es obligatorio. Puede pedir ayuda gratuita en la Defensa Pública.

¿Qué llevar?
• Resolución judicial de pensión
• Pruebas de incumplimiento (si las tiene)
• Su cédula

Entre más rápido acuda al juzgado, más rápido pueden activarse las medidas.

¿Su caso es reciente o ya lleva varios meses sin pagar?"
2,2026-02-10T05:39:54.333675,anon,"El papá del niño vive en otro país, ¿igual puedo cobrar la pensión?","El papá del niño vive en otro país, ¿igual puedo cobrar la pensión?

Entiendo su preocupación, y sí: aunque el papá del niño esté en otro país, usted tiene derecho a solicitar la pensión alimentaria.

Según la legislación costarricense, los padres tienen el deber legal de mantener a sus hijos e hijas, sin importar en qué país se encuentren. Por eso, usted puede iniciar el proceso de pensión alimentaria en Costa Rica, ante el Juzgado de Pensiones Alimentarias.

¿Qué puede hacer?

Acudir al Juzgado de Pensiones Alimentarias de su comunidad

El trámite es gratuito y no necesita abogado

Puede solicitar apoyo de la Defensa Pública si lo requiere

Es importante que sepa:

• El proceso se inicia en Costa Rica, aunque el papá esté en el extranjero.
• El juzgado puede solicitar colaboración de las autoridades del otro país, pero el resultado depende de si ese país tiene convenios de cooperación con Costa Rica y de que se pueda ubicar al obligado.
• Estos trámites suelen tardar más tiempo que cuando la persona vive en Costa Rica.
• Aunque el proceso sea más lento, usted conserva el derecho a reclamar la pensión.

Lleve al juzgado:

• Certificado de nacimiento del niño
• Cualquier información que tenga del papá (nombre completo, país donde vive, trabajo, teléfono, redes sociales, etc.)

¿Quiere que le explique qué tan fácil o difícil es el cobro dependiendo del país donde él vive?"
3,2026-02-10T20:44:17.151104,anon,"¿Puedo pedir medidas de protección si solo hay insultos y control, pero no golpes?","Entiendo su preocupación. Muchas personas creen que solo se puede pedir ayuda cuando hay golpes, pero la ley costarricense protege también contra otras formas de violencia.

Sí, usted puede solicitar medidas de protección aunque no haya agresiones físicas. La violencia doméstica incluye conductas como insultos constantes, amenazas, control excesivo, humillaciones o intimidación, cuando afectan su integridad emocional o generan riesgo.

¿Qué puede hacer?

Acudir al Juzgado de Violencia Doméstica más cercano.

La solicitud se puede hacer de forma verbal o escrita.

Explique con detalle los hechos (qué ocurre, con qué frecuencia y cómo le afecta).

No necesita presentar pruebas para solicitar las medidas, pero cualquier evidencia que tenga (mensajes, audios, testigos) ayuda al juez a valorar el caso y decidir si las mantiene o amplía.

Las medidas que puede dictar el juzgado pueden incluir, según el caso:
• Orden de alejamiento
• Prohibición de perturbar o intimidar
• Salida del hogar de la persona agresora
• Otras medidas de protección según el riesgo

El juez valorará la situación concreta (gravedad, repetición de los hechos y nivel de riesgo).

¿Quiere que le explique qué tipo de hechos conviene mencionar cuando vaya al juzgado?"
4,2026-02-10T16:15:06.453716,anon,Que es una orden de proteccion,"Una orden de protección es una medida que dicta un juzgado para proteger a una persona que ha sufrido violencia doméstica. Es como un escudo legal que aleja al agresor y lo obliga a cumplir ciertas reglas.

**¿Qué hace exactamente?**
- Prohíbe al agresor acercarse a usted, a sus hijos o a su casa
- Puede ordenarle que se vaya del hogar compartido
- Le impide comunicarse por teléfono, redes sociales o cualquier medio
- En casos graves, puede ordenar su detención inmediata si la rompe

**¿Dónde se solicita?**
En el Juzgado de Violencia Doméstica más cercano. El trámite es gratuito y no necesita abogado.

**¿Cuánto dura?**
Generalmente de 3 a 6 meses, pero puede prorrogarse si hay peligro.

Si usted o sus hijos están en peligro inmediato, llame al 911. También puede acudir a la delegación policial más cercana las 24 horas.

¿Está pasando por una situación de violencia doméstica? ¿Necesita que le explique cómo solicitarla paso a paso?"
5,2026-02-10T21:36:42.550712,anon,Puedo usar la Ley RAC para obligar a una tienda en línea extranjera (como Amazon o AliExpress) a conciliar conmigo desde Costa Rica?,"No. Usted no puede obligar a una tienda en línea extranjera como Amazon o AliExpress a conciliar bajo la Ley RAC desde Costa Rica, ya que estas empresas no están sometidas a la jurisdicción costarricense ni están obligadas a participar en procesos de conciliación aquí.

Además, al comprar en estas plataformas usted acepta términos y condiciones que normalmente establecen que los conflictos se resuelven bajo leyes y mecanismos del país de la empresa.

¿Qué opciones sí tiene?
• Usar los mecanismos de reclamo internos de Amazon o AliExpress
• Solicitar reembolso o abrir disputa en la plataforma
• Presentar un reclamo ante el banco o emisor de su tarjeta (chargeback)
• Revisar si el vendedor tiene representación o domicilio en Costa Rica

En la práctica, la Ley RAC y la Ley del Consumidor costarricense no permiten obligar a empresas extranjeras sin presencia en el país a conciliar desde Costa Rica.

¿Pagó con tarjeta o transferencia? Eso puede cambiar bastante sus opciones reales de recuperación del dinero."
6,2026-02-10T21:01:26.810938,anon,Compré algo por Marketplace y me estafaron. ¿Puedo usar la ley RAC aunque el vendedor no tenga negocio formal?,"Sí, usted puede intentar un proceso de conciliación bajo la Ley RAC aunque el vendedor no tenga un negocio formal.
Sin embargo, es importante saber que la conciliación es voluntaria: el vendedor no está obligado a asistir ni a llegar a un acuerdo.

En casos de estafa por Marketplace, muchas veces la vía más efectiva es la penal, especialmente si hubo engaño, cuentas falsas o intención de no entregar el producto.

¿Qué puede hacer?
• Intentar conciliación si logra ubicar al vendedor
• Denunciar penalmente ante el OIJ o Fiscalía si hubo estafa
• Conservar mensajes, comprobantes de pago y perfiles del vendedor

Importante: La Ley del Consumidor aplica principalmente cuando el vendedor actúa como comerciante habitual. En ventas informales entre particulares, la protección del consumidor puede no aplicar plenamente.

¿Fue una persona identificable o un perfil falso?"
7,2026-02-11T01:15:15.507706,anon,¿Puedo importar medicamentos para uso personal sin permisos del Ministerio de Salud si no son controlados?,"En general, no es libre importar medicamentos a Costa Rica aunque sean para uso personal y no sean controlados.
La importación de medicamentos está regulada por el Ministerio de Salud y Aduanas, y normalmente requiere cumplir requisitos o contar con autorización sanitaria.

En la práctica:
• Los medicamentos pueden ser retenidos o decomisados en Aduanas si no cumplen los requisitos
• Algunas excepciones pueden aplicar para tratamientos personales con receta médica
• La cantidad y el tipo de medicamento influyen mucho en si se permite o no el ingreso

Lo más recomendable es:
• Consultar al Ministerio de Salud (Control Farmacéutico) antes de traerlos
• Verificar con la empresa de courier si exigen permiso sanitario

Traer medicamentos sin cumplir los requisitos puede hacer que los pierda en Aduanas, aunque no sean controlados.

¿Qué medicamento y en qué cantidad está pensando traer? Eso cambia bastante el criterio de autorización."
8,2026-02-10T16:16:10.383565,Ignacio Méndez,El poder judicial asigna un gravamen a mi vehículo en caso de accidentes de tránsito,"Entiendo su preocupación sobre el gravamen en su vehículo. Según la información oficial del Poder Judicial sobre accidentes de tránsito, le explico:

**¿Qué significa un gravamen por colisión?**
Es una restricción legal que impide que pueda vender o transferir su vehículo a otra persona, mientras exista una obligación pendiente por el accidente de tránsito.

**¿Cuánto tiempo puede durar?**
Inicialmente, el gravamen se mantiene durante el periodo en que el proceso judicial se mantenga en trámite.
Posterior al dictado de sentencia, el gravamen puede mantenerse hasta por **un año** desde que la resolución haya quedado en firme. Sin embargo, puede ser levantado antes si:
- El juzgado civil no solicita el traslado del gravamen dentro de ese año.
- Si se cumple con lo ordenado en la sentencia.
- Posterior al pago de la multa impuesta en sentencia.


**¿Cómo se quita?**
- Solicitando al juzgado que ordene el levantamiento (una vez cancelada la multa impuesta, así como cumplidos los términos de la sentencia; o bien, transcurrido el plazo de un año sin que el juzgado civil ordenara el traslado de dicho gravamen).

**¿Por qué lo pusieron?**
La Ley de Tránsito vigente establece que los juzgados que conocen esta materia, deben proceder con la respectiva anotación de un gravamen por colisión, a los vehículos que se vean involucrados en un accidente de tránsito.


¿Ya tiene una sentencia en su contra o está en proceso? Esto me ayudará a orientarlo mejor sobre los pasos a seguir para que le retiren el gravamen de su vehículo."
